{"last_tab":"15","tt-breadcrumb":"1","smooth-scroll":"","logo-type":"1","text-logo":"","logo":{"url":"","id":"","height":"","width":"","thumbnail":""},"retina-logo":{"url":"","id":"","height":"","width":"","thumbnail":""},"mobile-logo":{"url":"","id":"","height":"","width":"","thumbnail":""},"retina-mobile-logo":{"url":"","id":"","height":"","width":"","thumbnail":""},"sticky-logo":{"url":"","id":"","height":"","width":"","thumbnail":""},"retina-sticky-logo":{"url":"","id":"","height":"","width":"","thumbnail":""},"sticky-mobile-logo":{"url":"","id":"","height":"","width":"","thumbnail":""},"retina-sticky-mobile-logo":{"url":"","id":"","height":"","width":"","thumbnail":""},"logo-margin":{"margin-top":"","margin-right":"","margin-bottom":"","margin-left":""},"header-style":"header-default","menu-hover-style":"1","navbar-margin":{"padding-top":"","padding-right":"","padding-bottom":"","padding-left":""},"navbar-height":{"padding-top":"","padding-right":"","padding-bottom":"","padding-left":""},"menu-bg-color":"","menu-color":"","mobile-menu-bg-color":"","mobile-menu-color":"","sticky-menu-visibility":"1","sticky-menu-bg-color":"","sticky-menu-color":"","search-visibility":"1","tt-search-result":{"post-search":"1","portfolio-search":""},"header-top-visibility":"","header-contact":"<ul class=\"topbar-cta no-margin\">\r\n \t<li class=\"mr-20\"><a><i class=\"material-icons mr-10\">\ue0b9<\/i>info@materialize.com<\/a><\/li>\r\n \t<li><a><i class=\"material-icons mr-10\">\ue0cd<\/i> +01 123 456 78<\/a><\/li>\r\n<\/ul>","header-social-button":"1","header-bg-padding":{"padding-top":"","padding-right":"","padding-bottom":"","padding-left":""},"page-header-image":{"url":"","id":"","height":"","width":"","thumbnail":""},"portfolio-header-image":{"url":"","id":"","height":"","width":"","thumbnail":""},"service-header-image":{"url":"","id":"","height":"","width":"","thumbnail":""},"member-header-image":{"url":"","id":"","height":"","width":"","thumbnail":""},"joblist-header-image":{"url":"","id":"","height":"","width":"","thumbnail":""},"blog-header-image":{"url":"","id":"","height":"","width":"","thumbnail":""},"author-header-image":{"url":"","id":"","height":"","width":"","thumbnail":""},"category-header-image":{"url":"","id":"","height":"","width":"","thumbnail":""},"tag-header-image":{"url":"","id":"","height":"","width":"","thumbnail":""},"search-header-image":{"url":"","id":"","height":"","width":"","thumbnail":""},"archive-header-image":{"url":"","id":"","height":"","width":"","thumbnail":""},"body-bg-color":"#ffffff","accent-color":"#03a9f4","link-color":"#03a9f4","tab-background":"","body-typography":{"font-family":"Raleway","font-options":"","google":"1","font-weight":"500","font-style":"","subsets":"","font-size":"14px","line-height":"29px","color":"#999"},"heading-typography":{"font-family":"Raleway","font-options":"","google":"1","font-weight":"400","font-style":"","subsets":"","color":"#202020"},"h1-typography":{"font-size":"40px","line-height":"40px"},"h2-typography":{"font-size":"20px","line-height":"26px"},"h3-typography":{"font-size":"18px","line-height":"20px"},"h4-typography":{"font-size":"16px","line-height":"18px"},"h5-typography":{"font-size":"14px","line-height":"16px"},"h6-typography":{"font-size":"12px","line-height":"14px"},"section-title-typography":"1","section-title":{"font-family":"Raleway","font-options":"","google":"1","font-weight":"400","font-style":"","subsets":"","font-size":"40px","line-height":"44px","color":"#202020"},"section-title-intro":{"font-family":"Great Vibes","font-options":"","google":"1","font-weight":"400","font-style":"","subsets":"","font-size":"24px","line-height":"30px","color":"#202020"},"blog-title":"Materialize Blog","blog-title-overlay":"1","blog-sidebar":"right-sidebar","tt-post-meta":{"post-date":"1","post-author":"1","post-category":"1","post-comment":"1"},"show-share-button":"1","tt-share-button":{"facebook":"1","twitter":"1","google":"1","linkedin":"1"},"blog-page-nav":"1","facebook-comment":"1","tab-text-one":"Default Comment","tab-text-two":"Facebook Comment","rev-slider":"","page-sidebar":"right-sidebar","portfolio-navigation":"1","all-portfolio-link":"","portfolio_style":"boxed_style","category-portfolio-limit":"6","word_limit":"15","grid_column":"4","grid_padding":"1","title_visibility":"1","category_visibility":"1","popup_button_visibility":"1","link_button_visibility":"1","like_visibility":"1","button_text":"View full Project","page-preloader":"1","loader-bg-color":"#ffffff","tt-loader":{"url":"","id":"","height":"","width":"","thumbnail":""},"custom_style":"","404_style":"1","404_text":"404","404_subtext":"OOPS! PAGE NOT FOUND","404_desc":"Sorry, we couldn't find the content you were looking for.","404_button_text":"Go Back Home","facebook-link":"#","twitter-link":"#","google-plus-link":"#","youtube-link":"","pinterest-link":"#","flickr-link":"","linkedin-link":"","vimeo-link":"","instagram-link":"","dribbble-link":"","behance-link":"","footer-style":"footer-three","footer_background":"#03a9f4","footer_text_color":"#ffffff","footer_text_hover_color":"#ffffff","footer-logo":{"url":"","id":"","height":"","width":"","thumbnail":""},"footer-retina-logo":{"url":"","id":"","height":"","width":"","thumbnail":""},"footer-text-visibility":"1","footer-intro-text":"Assertively revolutionize diverse value before out-of-the-box opportunities.\r\nCredibly deliver high-quality e-tailers with global mindshare.","footer-text":"","footer-menu-visibility":"1","totop-visibility":"1","totop-background":"","social-icon-visibility":"1","header-title-typography":true,"header-title":{"color":"#ffffff","font-family":"Raleway","font-weight":"700","font-size":"36px","line-height":"36px"},"redux-backup":"1"}