<wpml-config>
    <custom-types>
        <custom-type translate="1">wpcf7_contact_form</custom-type>
        <custom-type translate="1">tt-portfolio</custom-type>
        <custom-type translate="1">tt-member</custom-type>
        <custom-type translate="1">vc_grid_item</custom-type>
    </custom-types>
    <taxonomies>
       <taxonomy translate="1">tt-portfolio-cat</taxonomy>
    </taxonomies>
    <custom-fields>
        <custom-field action="translate">paprika_qoute</custom-field>
        <custom-field action="translate">paprika_qoute_author</custom-field>
        <custom-field action="translate">paprika_link_text</custom-field>
        <custom-field action="translate">paprika_link_title</custom-field>
        <custom-field action="translate">paprika_portfolio_link_text</custom-field>
        <custom-field action="translate">paprika_page_subtitle</custom-field>
        <custom-field action="translate">paprika_member_designaion</custom-field>
        <custom-field action="translate">paprika_educational_qualification</custom-field>
        <custom-field action="translate">paprika_member_address</custom-field>
        <custom-field action="copy">paprika_post_views_count</custom-field>
    </custom-fields>
    <admin-texts>
        <key name="paprika_theme_option">
            <key name="blog-title"/>
            <key name="text-logo"/>
            <key name="blog-title"/>
            <key name="footer-intro-title"/>
            <key name="footer-text"/>
        </key>
    </admin-texts>
</wpml-config>